head,task,variant,dataset,fold,n_samples,accuracy,balanced_accuracy,AUROC,BCE
fractional_dog_polykan,severity,A3,city,fold_1,30,0.6333333333333333,0.6333333333333333,0.6444444444444445,1.1218241453170776
fractional_dog_polykan,severity,A3,city,fold_2,29,0.7931034482758621,0.7857142857142857,0.9380952380952382,0.5249959826469421
fractional_dog_polykan,severity,A3,city,fold_3,30,0.7,0.7,0.9000000000000001,0.8646240234375
fractional_dog_polykan,severity,A3,city,fold_4,33,0.696969696969697,0.7022058823529411,0.724264705882353,0.6566894054412842
fractional_dog_polykan,severity,A3,city,fold_5,32,0.625,0.6392156862745098,0.7745098039215687,0.6288084387779236
fractional_dog_polykan,severity,A3,vrq,fold_1,5,0.4,0.3333333333333333,0.3333333333333333,1.9658550024032593
fractional_dog_polykan,severity,A3,vrq,fold_2,5,1.0,1.0,1.0,0.048013705760240555
fractional_dog_polykan,severity,A3,vrq,fold_3,5,0.6,0.5,1.0,0.6247165203094482
fractional_dog_polykan,severity,A3,vrq,fold_4,4,0.5,0.5,0.5,0.8742519021034241
fractional_dog_polykan,severity,A3,vrq,fold_5,4,0.5,0.5,0.5,1.0555877685546875
fractional_dog_polykan,severity,A4,city,fold_1,30,0.6,0.6,0.5177777777777778,1.7514728307724
fractional_dog_polykan,severity,A4,city,fold_2,29,0.8275862068965517,0.8238095238095238,0.9095238095238094,0.6941764950752258
fractional_dog_polykan,severity,A4,city,fold_3,30,0.8333333333333334,0.8333333333333334,0.8933333333333334,0.4160921275615692
fractional_dog_polykan,severity,A4,city,fold_4,33,0.6060606060606061,0.6139705882352942,0.71875,0.7330083250999451
fractional_dog_polykan,severity,A4,city,fold_5,32,0.625,0.6431372549019608,0.7666666666666667,0.6336277723312378
fractional_dog_polykan,severity,A4,vrq,fold_1,5,0.8,0.75,0.6666666666666666,1.5530388355255127
fractional_dog_polykan,severity,A4,vrq,fold_2,5,1.0,1.0,1.0,0.09423158317804337
fractional_dog_polykan,severity,A4,vrq,fold_3,5,0.6,0.5,1.0,0.5870772004127502
fractional_dog_polykan,severity,A4,vrq,fold_4,4,0.5,0.5,0.25,0.9313706159591675
fractional_dog_polykan,severity,A4,vrq,fold_5,4,0.5,0.5,0.75,0.8956063389778137
fractional_dog_polykan,state,A3,city,fold_1,1820,0.8214285714285714,0.8283753394120622,0.8937695484162407,0.37449949979782104
fractional_dog_polykan,state,A3,city,fold_2,1671,0.8653500897666068,0.8739100655936356,0.9222718345436399,0.3285593092441559
fractional_dog_polykan,state,A3,city,fold_3,1784,0.6782511210762332,0.7074897959183674,0.8064234693877551,0.5969356894493103
fractional_dog_polykan,state,A3,city,fold_4,2102,0.774976213130352,0.7926686818928199,0.8426803440812061,0.4586396813392639
fractional_dog_polykan,state,A3,city,fold_5,1966,0.7263479145473042,0.7518690898345153,0.8225272289766971,0.6100887656211853
fractional_dog_polykan,state,A3,vrq,fold_1,507,0.6272189349112426,0.6117374736245395,0.7193178597297891,0.6972414255142212
fractional_dog_polykan,state,A3,vrq,fold_2,512,0.814453125,0.8107037582903464,0.8257415254237288,0.4965772032737732
fractional_dog_polykan,state,A3,vrq,fold_3,474,0.8059071729957806,0.8103793843951324,0.8620257695060846,0.5084525942802429
fractional_dog_polykan,state,A3,vrq,fold_4,418,0.7751196172248804,0.7719717748552406,0.8476334482031085,0.5212583541870117
fractional_dog_polykan,state,A3,vrq,fold_5,379,0.9234828496042217,0.9238785176929507,0.9740596266369463,0.358722060918808
fractional_dog_polykan,state,A4,city,fold_1,1820,0.7824175824175824,0.7715615655427401,0.8963062392898001,0.4968006908893585
fractional_dog_polykan,state,A4,city,fold_2,1671,0.8521843207660084,0.8501466417287918,0.9206115047900038,0.35207635164260864
fractional_dog_polykan,state,A4,city,fold_3,1784,0.7365470852017937,0.7461275510204082,0.8190682397959185,0.5242397785186768
fractional_dog_polykan,state,A4,city,fold_4,2102,0.7873453853472883,0.7787346992088371,0.8820420958351995,0.41084960103034973
fractional_dog_polykan,state,A4,city,fold_5,1966,0.6871820956256358,0.7241451367781155,0.8075027440054034,0.6776523590087891
fractional_dog_polykan,state,A4,vrq,fold_1,507,0.6153846153846154,0.6123200957389854,0.724758290555223,0.751936674118042
fractional_dog_polykan,state,A4,vrq,fold_2,512,0.775390625,0.7643392286907393,0.8316675878162614,0.565449059009552
fractional_dog_polykan,state,A4,vrq,fold_3,474,0.7827004219409283,0.7875089477451682,0.8588851109520401,0.5397884249687195
fractional_dog_polykan,state,A4,vrq,fold_4,418,0.7703349282296651,0.7730735869845512,0.8301568324073423,0.605178713798523
fractional_dog_polykan,state,A4,vrq,fold_5,379,0.9182058047493403,0.9185984954026192,0.9776121482307049,0.25885123014450073
linear,severity,A3,city,fold_1,30,0.6333333333333333,0.6333333333333333,0.6822222222222222,0.6816364526748657
linear,severity,A3,city,fold_2,29,0.8620689655172413,0.8595238095238096,0.9238095238095237,0.3944556713104248
linear,severity,A3,city,fold_3,30,0.8,0.8,0.8888888888888888,0.45355305075645447
linear,severity,A3,city,fold_4,33,0.7272727272727273,0.7316176470588236,0.7205882352941178,0.6508111953735352
linear,severity,A3,city,fold_5,32,0.71875,0.723529411764706,0.7568627450980392,0.5938531160354614
linear,severity,A3,vrq,fold_1,5,0.6,0.5833333333333333,0.5,0.6544339060783386
linear,severity,A3,vrq,fold_2,5,0.8,0.8333333333333333,1.0,0.4640992283821106
linear,severity,A3,vrq,fold_3,5,0.4,0.5,0.33333333333333337,0.7187025547027588
linear,severity,A3,vrq,fold_4,4,0.5,0.5,0.5,0.811416506767273
linear,severity,A3,vrq,fold_5,4,0.5,0.5,0.75,0.6292023658752441
linear,severity,A4,city,fold_1,30,0.5666666666666667,0.5666666666666667,0.6044444444444445,1.0192570686340332
linear,severity,A4,city,fold_2,29,0.8620689655172413,0.8595238095238096,0.9476190476190476,0.45985057950019836
linear,severity,A4,city,fold_3,30,0.8333333333333334,0.8333333333333334,0.8711111111111112,0.5031062364578247
linear,severity,A4,city,fold_4,33,0.5757575757575758,0.5845588235294118,0.7169117647058824,0.8659554719924927
linear,severity,A4,city,fold_5,32,0.59375,0.6137254901960785,0.7509803921568627,0.6735858917236328
linear,severity,A4,vrq,fold_1,5,1.0,1.0,1.0,0.09585697948932648
linear,severity,A4,vrq,fold_2,5,0.8,0.8333333333333333,1.0,0.26478078961372375
linear,severity,A4,vrq,fold_3,5,0.4,0.5,0.5,0.7436755895614624
linear,severity,A4,vrq,fold_4,4,0.5,0.5,0.5,0.7861015796661377
linear,severity,A4,vrq,fold_5,4,0.5,0.5,0.75,1.0361382961273193
linear,state,A3,city,fold_1,1820,0.8148351648351648,0.8201066969130074,0.8852836330961745,0.3891587257385254
linear,state,A3,city,fold_2,1671,0.8384201077199281,0.8361739680198098,0.9156385647257858,0.36395519971847534
linear,state,A3,city,fold_3,1784,0.6821748878923767,0.7067193877551021,0.7886307397959184,0.5950581431388855
linear,state,A3,city,fold_4,2102,0.7664129400570885,0.7689832437677265,0.8360184355874012,0.47935381531715393
linear,state,A3,city,fold_5,1966,0.7360122075279756,0.7600620567375886,0.8302589918946301,0.5372347831726074
linear,state,A3,vrq,fold_1,507,0.7021696252465484,0.6823843416370107,0.6724089062450792,0.7871161699295044
linear,state,A3,vrq,fold_2,512,0.7890625,0.7816261360845,0.8259257553426677,0.49620842933654785
linear,state,A3,vrq,fold_3,474,0.8185654008438819,0.8185397279885469,0.8605851825340014,0.45825645327568054
linear,state,A3,vrq,fold_4,418,0.7966507177033493,0.7883934641442202,0.8456994162739996,0.47771406173706055
linear,state,A3,vrq,fold_5,379,0.8179419525065963,0.8145165784341042,0.9574672610755085,0.47396448254585266
linear,state,A4,city,fold_1,1820,0.8313186813186814,0.8335874320562111,0.9039476139270652,0.3595277667045593
linear,state,A4,city,fold_2,1671,0.8503889886295631,0.846089846596946,0.9239826547128779,0.3601195216178894
linear,state,A4,city,fold_3,1784,0.7247757847533632,0.7480255102040816,0.839610969387755,0.6321678757667542
linear,state,A4,city,fold_4,2102,0.801617507136061,0.8216440886699508,0.8992979362591431,0.39477410912513733
linear,state,A4,city,fold_5,1966,0.7390640895218719,0.7662107396149949,0.8109902693346842,0.7877118587493896
linear,state,A4,vrq,fold_1,507,0.6745562130177515,0.6613705791578748,0.7419771360186438,0.7245712876319885
linear,state,A4,vrq,fold_2,512,0.79296875,0.7886268730041759,0.8310304593465979,0.5294057130813599
linear,state,A4,vrq,fold_3,474,0.8037974683544303,0.8062813171080887,0.8627236936292055,0.48059797286987305
linear,state,A4,vrq,fold_4,418,0.8086124401913876,0.8040180978502942,0.8501652718193965,0.4864169657230377
linear,state,A4,vrq,fold_5,379,0.9129287598944591,0.9136946224575091,0.9779465032042352,0.2630634009838104
mlp,severity,A3,city,fold_1,30,0.6333333333333333,0.6333333333333333,0.6622222222222223,0.8550311923027039
mlp,severity,A3,city,fold_2,29,0.7931034482758621,0.7857142857142857,0.9095238095238096,0.5535129904747009
mlp,severity,A3,city,fold_3,30,0.8333333333333334,0.8333333333333334,0.8755555555555555,0.4324757158756256
mlp,severity,A3,city,fold_4,33,0.6363636363636364,0.6415441176470589,0.7224264705882353,0.722009539604187
mlp,severity,A3,city,fold_5,32,0.6875,0.6941176470588235,0.7588235294117647,0.6688491106033325
mlp,severity,A3,vrq,fold_1,5,0.6,0.5,0.8333333333333333,1.4292657375335693
mlp,severity,A3,vrq,fold_2,5,0.8,0.8333333333333333,1.0,0.4139919877052307
mlp,severity,A3,vrq,fold_3,5,0.6,0.5,0.33333333333333337,0.7074430584907532
mlp,severity,A3,vrq,fold_4,4,0.5,0.5,0.5,0.7337891459465027
mlp,severity,A3,vrq,fold_5,4,0.5,0.5,0.75,3.336905002593994
mlp,severity,A4,city,fold_1,30,0.5666666666666667,0.5666666666666667,0.5422222222222222,1.3186373710632324
mlp,severity,A4,city,fold_2,29,0.8275862068965517,0.8238095238095238,0.9000000000000001,0.39499175548553467
mlp,severity,A4,city,fold_3,30,0.8,0.8,0.9066666666666667,0.46714073419570923
mlp,severity,A4,city,fold_4,33,0.48484848484848486,0.4963235294117647,0.7352941176470589,1.0703853368759155
mlp,severity,A4,city,fold_5,32,0.53125,0.5,0.7529411764705882,0.6865753531455994
mlp,severity,A4,vrq,fold_1,5,0.8,0.75,1.0,1.1949818134307861
mlp,severity,A4,vrq,fold_2,5,1.0,1.0,1.0,0.012225494720041752
mlp,severity,A4,vrq,fold_3,5,0.6,0.5,0.5,0.6876242756843567
mlp,severity,A4,vrq,fold_4,4,0.5,0.5,0.5,0.8043475151062012
mlp,severity,A4,vrq,fold_5,4,0.5,0.5,0.75,2.5386290550231934
mlp,state,A3,city,fold_1,1820,0.8192307692307692,0.8264260216732708,0.9001968958219786,0.38825470209121704
mlp,state,A3,city,fold_2,1671,0.8432076600837821,0.8421318370608432,0.9134455245002913,0.3502916693687439
mlp,state,A3,city,fold_3,1784,0.649103139013453,0.6838316326530612,0.7972551020408164,0.6378282904624939
mlp,state,A3,city,fold_4,2102,0.7497621313035204,0.7799401030004478,0.8459331616659203,0.5065034031867981
mlp,state,A3,city,fold_5,1966,0.7222787385554426,0.7509002448497129,0.8226269630192503,0.5888283848762512
mlp,state,A3,vrq,fold_1,507,0.6627218934911243,0.648962302774541,0.6957137908229143,0.7780521512031555
mlp,state,A3,vrq,fold_2,512,0.80859375,0.8006632277081798,0.8238147875214935,0.5330379605293274
mlp,state,A3,vrq,fold_3,474,0.7932489451476793,0.799176807444524,0.8590372226198998,0.5263041257858276
mlp,state,A3,vrq,fold_4,418,0.7918660287081339,0.7789928968281876,0.8462737651499168,0.5659328699111938
mlp,state,A3,vrq,fold_5,379,0.9234828496042217,0.9240039008080245,0.9765254945667318,0.2787032425403595
mlp,state,A4,city,fold_1,1820,0.771978021978022,0.7577457146925528,0.890789719190223,0.5498034358024597
mlp,state,A4,city,fold_2,1671,0.8641532016756434,0.8673528972717613,0.9197634121569211,0.3722933530807495
mlp,state,A4,city,fold_3,1784,0.7326233183856502,0.7508928571428571,0.8206862244897959,0.5668678879737854
mlp,state,A4,city,fold_4,2102,0.7921027592768791,0.7883658008658009,0.8796518137035376,0.4230988323688507
mlp,state,A4,city,fold_5,1966,0.6683621566632757,0.7079164555893279,0.7844377955082742,0.7240241169929504
mlp,state,A4,vrq,fold_1,507,0.5798816568047337,0.5885191950366895,0.6804160236828016,0.8473303914070129
mlp,state,A4,vrq,fold_2,512,0.787109375,0.7764369933677229,0.8306850282485876,0.494810551404953
mlp,state,A4,vrq,fold_3,474,0.7616033755274262,0.769649248389406,0.8629652827487475,0.5700405240058899
mlp,state,A4,vrq,fold_4,418,0.784688995215311,0.7840213798438709,0.8397566636191013,0.5348034501075745
mlp,state,A4,vrq,fold_5,379,0.9102902374670184,0.9114934522151017,0.9794371691278907,0.23658116161823273
