task,dataset,comparison,variant_or_head,metric,difference,unit
state,vrq,fractional_dog_polykan-linear,A3,accuracy,0.0,percentage_points
state,vrq,fractional_dog_polykan-linear,A3,balanced_accuracy,0.5900875137605066,percentage_points
state,vrq,fractional_dog_polykan-linear,A3,AUROC,0.7280000983991619,percentage_points
state,vrq,fractional_dog_polykan-linear,A3,BCE,-0.020550251007080078,BCE
state,vrq,mlp-linear,A3,accuracy,0.6986899563318771,percentage_points
state,vrq,mlp-linear,A3,balanced_accuracy,1.1544989944834994,percentage_points
state,vrq,mlp-linear,A3,AUROC,0.8061428755926969,percentage_points
state,vrq,mlp-linear,A3,BCE,0.0040991902351379395,BCE
state,vrq,fractional_dog_polykan-mlp,A3,accuracy,-0.6986899563318771,percentage_points
state,vrq,fractional_dog_polykan-mlp,A3,balanced_accuracy,-0.5644114807229927,percentage_points
state,vrq,fractional_dog_polykan-mlp,A3,AUROC,-0.07814277719353502,percentage_points
state,vrq,fractional_dog_polykan-mlp,A3,BCE,-0.024649441242218018,BCE
state,vrq,fractional_dog_polykan-linear,A4,accuracy,-2.7510917030567628,percentage_points
state,vrq,fractional_dog_polykan-linear,A4,balanced_accuracy,-2.621261600339475,percentage_points
state,vrq,fractional_dog_polykan-linear,A4,AUROC,-0.8877449985547514,percentage_points
state,vrq,fractional_dog_polykan-linear,A4,BCE,0.047349631786346436,BCE
state,vrq,mlp-linear,A4,accuracy,-3.580786026200866,percentage_points
state,vrq,mlp-linear,A4,balanced_accuracy,-3.1352435071923646,percentage_points
state,vrq,mlp-linear,A4,AUROC,-0.5617208784585825,percentage_points
state,vrq,mlp-linear,A4,BCE,0.04240638017654419,BCE
state,vrq,fractional_dog_polykan-mlp,A4,accuracy,0.8296943231441034,percentage_points
state,vrq,fractional_dog_polykan-mlp,A4,balanced_accuracy,0.5139819068528895,percentage_points
state,vrq,fractional_dog_polykan-mlp,A4,AUROC,-0.3260241200961689,percentage_points
state,vrq,fractional_dog_polykan-mlp,A4,BCE,0.004943251609802246,BCE
state,city,fractional_dog_polykan-linear,A3,accuracy,0.5244568125869598,percentage_points
state,city,fractional_dog_polykan-linear,A3,balanced_accuracy,1.1636076488073521,percentage_points
state,city,fractional_dog_polykan-linear,A3,AUROC,0.6587808450577604,percentage_points
state,city,fractional_dog_polykan-linear,A3,BCE,0.0018423497676849365,BCE
state,city,mlp-linear,A3,accuracy,-1.1238360269720693,percentage_points
state,city,mlp-linear,A3,balanced_accuracy,-0.22694068283302116,percentage_points
state,city,mlp-linear,A3,AUROC,0.11692173291655283,percentage_points
state,city,mlp-linear,A3,BCE,0.022511690855026245,BCE
state,city,fractional_dog_polykan-mlp,A3,accuracy,1.648292839559029,percentage_points
state,city,fractional_dog_polykan-mlp,A3,balanced_accuracy,1.3905483316403733,percentage_points
state,city,fractional_dog_polykan-mlp,A3,AUROC,0.5418591121412075,percentage_points
state,city,fractional_dog_polykan-mlp,A3,BCE,-0.02066934108734131,BCE
state,city,fractional_dog_polykan-linear,A4,accuracy,-2.1085304506047287,percentage_points
state,city,fractional_dog_polykan-linear,A4,balanced_accuracy,-2.978885247312313,percentage_points
state,city,fractional_dog_polykan-linear,A4,AUROC,-1.4696427201828954,percentage_points
state,city,fractional_dog_polykan-linear,A4,BCE,-0.014848858118057251,BCE
state,city,mlp-linear,A4,accuracy,-2.461736059081665,percentage_points
state,city,mlp-linear,A4,balanced_accuracy,-2.9747627519094877,percentage_points
state,city,mlp-linear,A4,AUROC,-1.949126582823113,percentage_points
state,city,mlp-linear,A4,BCE,0.01974499225616455,BCE
state,city,fractional_dog_polykan-mlp,A4,accuracy,0.3532056084769364,percentage_points
state,city,fractional_dog_polykan-mlp,A4,balanced_accuracy,-0.004122495402825166,percentage_points
state,city,fractional_dog_polykan-mlp,A4,AUROC,0.4794838626402176,percentage_points
state,city,fractional_dog_polykan-mlp,A4,BCE,-0.0345938503742218,BCE
state,dataset_macro,fractional_dog_polykan-linear,A3,accuracy,0.2622284062934743,percentage_points
state,dataset_macro,fractional_dog_polykan-linear,A3,balanced_accuracy,0.8768475812839238,percentage_points
state,dataset_macro,fractional_dog_polykan-linear,A3,AUROC,0.6933904717284611,percentage_points
state,dataset_macro,fractional_dog_polykan-linear,A3,BCE,-0.00935395061969757,BCE
state,dataset_macro,mlp-linear,A3,accuracy,-0.21257303532009608,percentage_points
state,dataset_macro,mlp-linear,A3,balanced_accuracy,0.4637791558252391,percentage_points
state,dataset_macro,mlp-linear,A3,AUROC,0.46153230425463043,percentage_points
state,dataset_macro,mlp-linear,A3,BCE,0.013305440545082092,BCE
state,dataset_macro,fractional_dog_polykan-mlp,A3,accuracy,0.4748014416135704,percentage_points
state,dataset_macro,fractional_dog_polykan-mlp,A3,balanced_accuracy,0.4130684254586847,percentage_points
state,dataset_macro,fractional_dog_polykan-mlp,A3,AUROC,0.2318581674738307,percentage_points
state,dataset_macro,fractional_dog_polykan-mlp,A3,BCE,-0.022659391164779663,BCE
state,dataset_macro,fractional_dog_polykan-linear,A4,accuracy,-2.4298110768307457,percentage_points
state,dataset_macro,fractional_dog_polykan-linear,A4,balanced_accuracy,-2.8000734238258995,percentage_points
state,dataset_macro,fractional_dog_polykan-linear,A4,AUROC,-1.1786938593688179,percentage_points
state,dataset_macro,fractional_dog_polykan-linear,A4,BCE,0.016250386834144592,BCE
state,dataset_macro,mlp-linear,A4,accuracy,-3.0212610426412656,percentage_points
state,dataset_macro,mlp-linear,A4,balanced_accuracy,-3.055003129550926,percentage_points
state,dataset_macro,mlp-linear,A4,AUROC,-1.2554237306408478,percentage_points
state,dataset_macro,mlp-linear,A4,BCE,0.03107568621635437,BCE
state,dataset_macro,fractional_dog_polykan-mlp,A4,accuracy,0.5914499658105199,percentage_points
state,dataset_macro,fractional_dog_polykan-mlp,A4,balanced_accuracy,0.2549297057250266,percentage_points
state,dataset_macro,fractional_dog_polykan-mlp,A4,AUROC,0.0767298712720299,percentage_points
state,dataset_macro,fractional_dog_polykan-mlp,A4,BCE,-0.014825299382209778,BCE
severity,vrq,fractional_dog_polykan-linear,A3,accuracy,4.34782608695653,percentage_points
severity,vrq,fractional_dog_polykan-linear,A3,balanced_accuracy,5.30303030303031,percentage_points
severity,vrq,fractional_dog_polykan-linear,A3,AUROC,5.30303030303031,percentage_points
severity,vrq,fractional_dog_polykan-linear,A3,BCE,0.25928831100463867,BCE
severity,vrq,mlp-linear,A3,accuracy,4.34782608695653,percentage_points
severity,vrq,mlp-linear,A3,balanced_accuracy,4.545454545454541,percentage_points
severity,vrq,mlp-linear,A3,AUROC,0.7575757575757569,percentage_points
severity,vrq,mlp-linear,A3,BCE,0.6125055551528931,BCE
severity,vrq,fractional_dog_polykan-mlp,A3,accuracy,0.0,percentage_points
severity,vrq,fractional_dog_polykan-mlp,A3,balanced_accuracy,0.757575757575768,percentage_points
severity,vrq,fractional_dog_polykan-mlp,A3,AUROC,4.545454545454552,percentage_points
severity,vrq,fractional_dog_polykan-mlp,A3,BCE,-0.3532172441482544,BCE
severity,vrq,fractional_dog_polykan-linear,A4,accuracy,4.347826086956519,percentage_points
severity,vrq,fractional_dog_polykan-linear,A4,balanced_accuracy,4.545454545454541,percentage_points
severity,vrq,fractional_dog_polykan-linear,A4,AUROC,-1.8939393939394034,percentage_points
severity,vrq,fractional_dog_polykan-linear,A4,BCE,0.24648356437683105,BCE
severity,vrq,mlp-linear,A4,accuracy,4.347826086956519,percentage_points
severity,vrq,mlp-linear,A4,balanced_accuracy,4.545454545454541,percentage_points
severity,vrq,mlp-linear,A4,AUROC,-3.409090909090917,percentage_points
severity,vrq,mlp-linear,A4,BCE,0.4363277554512024,BCE
severity,vrq,fractional_dog_polykan-mlp,A4,accuracy,0.0,percentage_points
severity,vrq,fractional_dog_polykan-mlp,A4,balanced_accuracy,0.0,percentage_points
severity,vrq,fractional_dog_polykan-mlp,A4,AUROC,1.5151515151515138,percentage_points
severity,vrq,fractional_dog_polykan-mlp,A4,BCE,-0.18984419107437134,BCE
severity,city,fractional_dog_polykan-linear,A3,accuracy,-5.844155844155841,percentage_points
severity,city,fractional_dog_polykan-linear,A3,balanced_accuracy,-5.844155844155841,percentage_points
severity,city,fractional_dog_polykan-linear,A3,AUROC,-7.758475290942823,percentage_points
severity,city,fractional_dog_polykan-linear,A3,BCE,0.1989349126815796,BCE
severity,city,mlp-linear,A3,accuracy,-3.2467532467532423,percentage_points
severity,city,mlp-linear,A3,balanced_accuracy,-3.2467532467532423,percentage_points
severity,city,mlp-linear,A3,AUROC,-4.8659133074717476,percentage_points
severity,city,mlp-linear,A3,BCE,0.09046494960784912,BCE
severity,city,fractional_dog_polykan-mlp,A3,accuracy,-2.5974025974025983,percentage_points
severity,city,fractional_dog_polykan-mlp,A3,balanced_accuracy,-2.5974025974025983,percentage_points
severity,city,fractional_dog_polykan-mlp,A3,AUROC,-2.892561983471076,percentage_points
severity,city,fractional_dog_polykan-mlp,A3,BCE,0.10846996307373047,BCE
severity,city,fractional_dog_polykan-linear,A4,accuracy,1.2987012987012991,percentage_points
severity,city,fractional_dog_polykan-linear,A4,balanced_accuracy,1.298701298701288,percentage_points
severity,city,fractional_dog_polykan-linear,A4,AUROC,0.5397200202395092,percentage_points
severity,city,fractional_dog_polykan-linear,A4,BCE,0.13302308320999146,BCE
severity,city,mlp-linear,A4,accuracy,-4.545454545454541,percentage_points
severity,city,mlp-linear,A4,balanced_accuracy,-4.545454545454552,percentage_points
severity,city,mlp-linear,A4,AUROC,-1.2902681733850674,percentage_points
severity,city,mlp-linear,A4,BCE,0.08560633659362793,BCE
severity,city,fractional_dog_polykan-mlp,A4,accuracy,5.844155844155841,percentage_points
severity,city,fractional_dog_polykan-mlp,A4,balanced_accuracy,5.844155844155841,percentage_points
severity,city,fractional_dog_polykan-mlp,A4,AUROC,1.8299881936245765,percentage_points
severity,city,fractional_dog_polykan-mlp,A4,BCE,0.047416746616363525,BCE
severity,dataset_macro,fractional_dog_polykan-linear,A3,accuracy,-0.7481648785996553,percentage_points
severity,dataset_macro,fractional_dog_polykan-linear,A3,balanced_accuracy,-0.27056277056276556,percentage_points
severity,dataset_macro,fractional_dog_polykan-linear,A3,AUROC,-1.2277224939562625,percentage_points
severity,dataset_macro,fractional_dog_polykan-linear,A3,BCE,0.22911161184310913,BCE
severity,dataset_macro,mlp-linear,A3,accuracy,0.5505364201016549,percentage_points
severity,dataset_macro,mlp-linear,A3,balanced_accuracy,0.6493506493506551,percentage_points
severity,dataset_macro,mlp-linear,A3,AUROC,-2.0541687749479953,percentage_points
severity,dataset_macro,mlp-linear,A3,BCE,0.3514852523803711,BCE
severity,dataset_macro,fractional_dog_polykan-mlp,A3,accuracy,-1.2987012987013102,percentage_points
severity,dataset_macro,fractional_dog_polykan-mlp,A3,balanced_accuracy,-0.9199134199134207,percentage_points
severity,dataset_macro,fractional_dog_polykan-mlp,A3,AUROC,0.8264462809917328,percentage_points
severity,dataset_macro,fractional_dog_polykan-mlp,A3,BCE,-0.12237364053726196,BCE
severity,dataset_macro,fractional_dog_polykan-linear,A4,accuracy,2.8232636928289034,percentage_points
severity,dataset_macro,fractional_dog_polykan-linear,A4,balanced_accuracy,2.9220779220779147,percentage_points
severity,dataset_macro,fractional_dog_polykan-linear,A4,AUROC,-0.6771096868499527,percentage_points
severity,dataset_macro,fractional_dog_polykan-linear,A4,BCE,0.18975332379341125,BCE
severity,dataset_macro,mlp-linear,A4,accuracy,-0.09881422924902239,percentage_points
severity,dataset_macro,mlp-linear,A4,balanced_accuracy,0.0,percentage_points
severity,dataset_macro,mlp-linear,A4,AUROC,-2.3496795412379923,percentage_points
severity,dataset_macro,mlp-linear,A4,BCE,0.26096704602241516,BCE
severity,dataset_macro,fractional_dog_polykan-mlp,A4,accuracy,2.922077922077926,percentage_points
severity,dataset_macro,fractional_dog_polykan-mlp,A4,balanced_accuracy,2.9220779220779147,percentage_points
severity,dataset_macro,fractional_dog_polykan-mlp,A4,AUROC,1.6725698543880396,percentage_points
severity,dataset_macro,fractional_dog_polykan-mlp,A4,BCE,-0.0712137222290039,BCE
state,vrq,A4-A3,linear,accuracy,0.9606986899563297,percentage_points
state,vrq,A4-A3,linear,balanced_accuracy,1.5272627196300181,percentage_points
state,vrq,A4-A3,linear,AUROC,2.968964287251774,percentage_points
state,vrq,A4-A3,linear,BCE,-0.03511667251586914,BCE
state,vrq,A4-A3,fractional_dog_polykan,accuracy,-1.790393013100433,percentage_points
state,vrq,A4-A3,fractional_dog_polykan,balanced_accuracy,-1.6840863944699636,percentage_points
state,vrq,A4-A3,fractional_dog_polykan,AUROC,1.3532191902978608,percentage_points
state,vrq,A4-A3,fractional_dog_polykan,BCE,0.03278321027755737,BCE
state,vrq,A4-A3,mlp,accuracy,-3.3187772925764136,percentage_points
state,vrq,A4-A3,mlp,balanced_accuracy,-2.7624797820458458,percentage_points
state,vrq,A4-A3,mlp,AUROC,1.6011005332004946,percentage_points
state,vrq,A4-A3,mlp,BCE,0.0031905174255371094,BCE
state,city,A4-A3,linear,accuracy,2.2048592529166133,percentage_points
state,city,A4-A3,linear,balanced_accuracy,2.4612560259050786,percentage_points
state,city,A4-A3,linear,AUROC,1.4137657206673815,percentage_points
state,city,A4-A3,linear,BCE,0.03430560231208801,BCE
state,city,A4-A3,fractional_dog_polykan,accuracy,-0.4281280102750751,percentage_points
state,city,A4-A3,fractional_dog_polykan,balanced_accuracy,-1.6812368702145863,percentage_points
state,city,A4-A3,fractional_dog_polykan,AUROC,-0.7146578445732743,percentage_points
state,city,A4-A3,fractional_dog_polykan,BCE,0.017614394426345825,BCE
state,city,A4-A3,mlp,accuracy,0.8669592208070176,percentage_points
state,city,A4-A3,mlp,balanced_accuracy,-0.2865660431713879,percentage_points
state,city,A4-A3,mlp,AUROC,-0.6522825950722844,percentage_points
state,city,A4-A3,mlp,BCE,0.03153890371322632,BCE
state,dataset_macro,A4-A3,linear,accuracy,1.5827789714364715,percentage_points
state,dataset_macro,A4-A3,linear,balanced_accuracy,1.9942593727675484,percentage_points
state,dataset_macro,A4-A3,linear,AUROC,2.191365003959578,percentage_points
state,dataset_macro,A4-A3,linear,BCE,-0.00040553510189056396,BCE
state,dataset_macro,A4-A3,fractional_dog_polykan,accuracy,-1.1092605116877485,percentage_points
state,dataset_macro,A4-A3,fractional_dog_polykan,balanced_accuracy,-1.682661632342275,percentage_points
state,dataset_macro,A4-A3,fractional_dog_polykan,AUROC,0.3192806728622988,percentage_points
state,dataset_macro,A4-A3,fractional_dog_polykan,BCE,0.0251988023519516,BCE
state,dataset_macro,A4-A3,mlp,accuracy,-1.225909035884698,percentage_points
state,dataset_macro,A4-A3,mlp,balanced_accuracy,-1.5245229126086168,percentage_points
state,dataset_macro,A4-A3,mlp,AUROC,0.4744089690640996,percentage_points
state,dataset_macro,A4-A3,mlp,BCE,0.017364710569381714,BCE
severity,vrq,A4-A3,linear,accuracy,8.695652173913048,percentage_points
severity,vrq,A4-A3,linear,balanced_accuracy,8.712121212121215,percentage_points
severity,vrq,A4-A3,linear,AUROC,16.666666666666675,percentage_points
severity,vrq,A4-A3,linear,BCE,-0.09296208620071411,BCE
severity,vrq,A4-A3,fractional_dog_polykan,accuracy,8.695652173913038,percentage_points
severity,vrq,A4-A3,fractional_dog_polykan,balanced_accuracy,7.954545454545448,percentage_points
severity,vrq,A4-A3,fractional_dog_polykan,AUROC,9.469696969696962,percentage_points
severity,vrq,A4-A3,fractional_dog_polykan,BCE,-0.10576683282852173,BCE
severity,vrq,A4-A3,mlp,accuracy,8.695652173913038,percentage_points
severity,vrq,A4-A3,mlp,balanced_accuracy,8.712121212121215,percentage_points
severity,vrq,A4-A3,mlp,AUROC,12.5,percentage_points
severity,vrq,A4-A3,mlp,BCE,-0.2691398859024048,BCE
severity,city,A4-A3,linear,accuracy,-6.493506493506496,percentage_points
severity,city,A4-A3,linear,balanced_accuracy,-6.493506493506485,percentage_points
severity,city,A4-A3,linear,AUROC,-6.164614606173046,percentage_points
severity,city,A4-A3,linear,BCE,0.15040838718414307,BCE
severity,city,A4-A3,fractional_dog_polykan,accuracy,0.649350649350644,percentage_points
severity,city,A4-A3,fractional_dog_polykan,balanced_accuracy,0.649350649350644,percentage_points
severity,city,A4-A3,fractional_dog_polykan,AUROC,2.133580705009286,percentage_points
severity,city,A4-A3,fractional_dog_polykan,BCE,0.08449655771255493,BCE
severity,city,A4-A3,mlp,accuracy,-7.792207792207795,percentage_points
severity,city,A4-A3,mlp,balanced_accuracy,-7.792207792207795,percentage_points
severity,city,A4-A3,mlp,AUROC,-2.5889694720863665,percentage_points
severity,city,A4-A3,mlp,BCE,0.14554977416992188,BCE
severity,dataset_macro,A4-A3,linear,accuracy,1.1010728402032877,percentage_points
severity,dataset_macro,A4-A3,linear,balanced_accuracy,1.1093073593073655,percentage_points
severity,dataset_macro,A4-A3,linear,AUROC,5.251026030246808,percentage_points
severity,dataset_macro,A4-A3,linear,BCE,0.028723150491714478,BCE
severity,dataset_macro,A4-A3,fractional_dog_polykan,accuracy,4.672501411631846,percentage_points
severity,dataset_macro,A4-A3,fractional_dog_polykan,balanced_accuracy,4.301948051948045,percentage_points
severity,dataset_macro,A4-A3,fractional_dog_polykan,AUROC,5.801638837353118,percentage_points
severity,dataset_macro,A4-A3,fractional_dog_polykan,BCE,-0.010635137557983398,BCE
severity,dataset_macro,A4-A3,mlp,accuracy,0.45172219085261034,percentage_points
severity,dataset_macro,A4-A3,mlp,balanced_accuracy,0.45995670995671034,percentage_points
severity,dataset_macro,A4-A3,mlp,AUROC,4.955515263956811,percentage_points
severity,dataset_macro,A4-A3,mlp,BCE,-0.061795055866241455,BCE
