seed,split,config,accuracy,balanced_accuracy,AUROC,BCE,subject_macro_segment_accuracy,subject_aggregated_accuracy,subject_aggregated_balanced_accuracy,subject_aggregated_AUROC,subject_count,n_segments,n_subjects,best_step,parameters
2001,split_1,base,0.5416666666666666,0.5352487135506003,0.5837907375643224,0.6883681416511536,0.534034034034034,0.5,0.5,0.6666666666666667,6,216,6,8,35291
2001,split_1,mlp,0.5370370370370371,0.5387650085763294,0.6010291595197256,0.6784504652023315,0.535454572219278,0.6666666666666666,0.6666666666666666,0.6666666666666667,6,216,6,8,138590
2001,split_1,poly,0.5509259259259259,0.5534305317324185,0.5748713550600344,0.6795496344566345,0.5515000294412059,0.5,0.5,0.6666666666666667,6,216,6,4,104310
2001,split_1,fractional,0.5601851851851852,0.5628644939965695,0.5748713550600344,0.6795971989631653,0.5610316198551493,0.5,0.5,0.6666666666666667,6,216,6,4,104852
2001,split_1,dog,0.5555555555555556,0.5578044596912521,0.6032590051457976,0.6725268363952637,0.555481952540776,0.6666666666666666,0.6666666666666666,0.6666666666666667,6,216,6,12,138513
2001,split_2,base,0.711764705882353,0.6091893517822229,0.7883892314633779,0.5484643578529358,0.6252441252441252,0.5,0.5,1.0,6,170,6,24,35291
2001,split_2,mlp,0.7352941176470589,0.7033388479470597,0.7756053541885999,0.557933509349823,0.7161575911575913,0.8333333333333334,0.8333333333333333,1.0,6,170,6,8,138590
2001,split_2,poly,0.7235294117647059,0.6725071439314183,0.7691382162731237,0.565730094909668,0.6776636776636776,0.6666666666666666,0.6666666666666666,1.0,6,170,6,8,104310
2001,split_2,fractional,0.7235294117647059,0.6725071439314183,0.7691382162731237,0.5655981302261353,0.6776636776636776,0.6666666666666666,0.6666666666666666,1.0,6,170,6,8,104852
2001,split_2,dog,0.7235294117647059,0.6400210557978644,0.7781621296435555,0.5526824593544006,0.6673920423920423,0.6666666666666666,0.6666666666666666,1.0,6,170,6,8,138513
2001,split_3,base,0.6467889908256881,0.6467889908256881,0.7321774261425806,0.6135199069976807,0.6441441441441441,0.6666666666666666,0.6666666666666666,0.888888888888889,6,218,6,16,35291
2001,split_3,mlp,0.6788990825688074,0.6788990825688073,0.7567544819459642,0.6047762036323547,0.6770520520520521,0.8333333333333334,0.8333333333333333,0.888888888888889,6,218,6,4,138590
2001,split_3,poly,0.6743119266055045,0.6743119266055047,0.7530510899755913,0.5962588787078857,0.6720470470470471,0.8333333333333334,0.8333333333333333,0.888888888888889,6,218,6,12,104310
2001,split_3,fractional,0.6697247706422018,0.6697247706422018,0.7529669219762646,0.5960634350776672,0.6674174174174174,0.8333333333333334,0.8333333333333333,0.888888888888889,6,218,6,12,104852
2001,split_3,dog,0.6972477064220184,0.6972477064220184,0.7581011699351906,0.5794220566749573,0.69507007007007,0.8333333333333334,0.8333333333333333,0.7777777777777778,6,218,6,26,138513
3001,split_1,base,0.5092592592592593,0.5087478559176672,0.5092624356775299,0.6961472034454346,0.5055055055055055,0.6666666666666666,0.6666666666666666,0.4444444444444445,6,216,6,4,35291
3001,split_1,mlp,0.5231481481481481,0.5247855917667238,0.5329331046312178,0.710395872592926,0.521315433080139,0.6666666666666666,0.6666666666666666,0.5555555555555556,6,216,6,4,138590
3001,split_1,poly,0.5185185185185185,0.5178387650085763,0.5222984562607204,0.7104572057723999,0.5155596773243832,0.5,0.5,0.5555555555555556,6,216,6,4,104310
3001,split_1,fractional,0.5185185185185185,0.5178387650085763,0.5222984562607204,0.7104164958000183,0.5155596773243832,0.5,0.5,0.5555555555555556,6,216,6,4,104852
3001,split_1,dog,0.5138888888888888,0.517409948542024,0.5509433962264151,0.7099990844726562,0.5138962491903668,0.5,0.5,0.5555555555555556,6,216,6,4,138513
3001,split_2,base,0.7941176470588235,0.7528199729282599,0.8838923146337796,0.44608166813850403,0.758996758996759,0.8333333333333334,0.8333333333333333,1.0,6,170,6,24,35291
3001,split_2,mlp,0.7941176470588235,0.7853060610618138,0.8647916979996991,0.47063305974006653,0.8097756847756848,1.0,1.0,1.0,6,170,6,4,138590
3001,split_2,poly,0.7823529411764706,0.7436456610016544,0.8822379305158671,0.442519873380661,0.7584288834288836,0.8333333333333334,0.8333333333333333,1.0,6,170,6,4,104310
3001,split_2,fractional,0.7823529411764706,0.7436456610016544,0.8822379305158671,0.44252490997314453,0.7584288834288836,0.8333333333333334,0.8333333333333333,1.0,6,170,6,4,104852
3001,split_2,dog,0.7941176470588235,0.7672582343209505,0.8674988720108286,0.45947131514549255,0.7673127673127672,1.0,1.0,1.0,6,170,6,24,138513
3001,split_3,base,0.6559633027522935,0.6559633027522935,0.7046544903627641,0.6375513076782227,0.6539039039039038,0.8333333333333334,0.8333333333333333,0.888888888888889,6,218,6,13,35291
3001,split_3,mlp,0.6559633027522935,0.6559633027522935,0.7290632101674943,0.6145349740982056,0.6537787787787789,0.6666666666666666,0.6666666666666666,0.888888888888889,6,218,6,26,138590
3001,split_3,poly,0.6513761467889908,0.6513761467889908,0.7360491541116068,0.6042788624763489,0.6488988988988988,0.8333333333333334,0.8333333333333333,0.888888888888889,6,218,6,32,104310
3001,split_3,fractional,0.6513761467889908,0.6513761467889908,0.7366383301068933,0.6038769483566284,0.6488988988988988,0.8333333333333334,0.8333333333333333,0.888888888888889,6,218,6,32,104852
3001,split_3,dog,0.6697247706422018,0.6697247706422018,0.7380691860954466,0.5992861390113831,0.6674174174174174,0.8333333333333334,0.8333333333333333,0.888888888888889,6,218,6,26,138513
4001,split_1,base,0.5370370370370371,0.5408233276157804,0.5823327615780446,0.6849480271339417,0.5390758405464288,0.5,0.5,0.6666666666666667,6,216,6,4,35291
4001,split_1,mlp,0.5,0.5006861063464837,0.5771869639794168,0.6861332654953003,0.4979391155861744,0.6666666666666666,0.6666666666666666,0.6666666666666667,6,216,6,4,138590
4001,split_1,poly,0.5370370370370371,0.5394511149228131,0.6156089193825043,0.6773644685745239,0.5372136842725078,0.5,0.5,0.6666666666666667,6,216,6,12,104310
4001,split_1,fractional,0.5370370370370371,0.5394511149228131,0.6157804459691252,0.6773999333381653,0.5372136842725078,0.5,0.5,0.6666666666666667,6,216,6,12,104852
4001,split_1,dog,0.5416666666666666,0.5424528301886793,0.6101200686106346,0.6770023107528687,0.5394585762232821,0.6666666666666666,0.6666666666666666,0.6666666666666667,6,216,6,16,138513
4001,split_2,base,0.7647058823529411,0.7407128891562641,0.8581741615280493,0.46402883529663086,0.7447902447902447,1.0,1.0,1.0,6,170,6,36,35291
4001,split_2,mlp,0.7352941176470589,0.7105579786434051,0.8363663708828395,0.4865857660770416,0.7243484743484744,1.0,1.0,1.0,6,170,6,24,138590
4001,split_2,poly,0.7235294117647059,0.6869454053241089,0.814257783125282,0.5056643486022949,0.6942956942956943,0.8333333333333334,0.8333333333333333,1.0,6,170,6,24,104310
4001,split_2,fractional,0.7235294117647059,0.6869454053241089,0.814257783125282,0.5056315064430237,0.6942956942956943,0.8333333333333334,0.8333333333333333,1.0,6,170,6,24,104852
4001,split_2,dog,0.7529411764705882,0.7243194465333134,0.8357647766581441,0.4852829873561859,0.7274652274652276,0.8333333333333334,0.8333333333333333,1.0,6,170,6,24,138513
4001,split_3,base,0.6743119266055045,0.6743119266055047,0.7545661139634711,0.5973196029663086,0.6716716716716716,0.8333333333333334,0.8333333333333333,0.888888888888889,6,218,6,13,35291
4001,split_3,mlp,0.6422018348623854,0.6422018348623852,0.739668378082653,0.5950830578804016,0.6396396396396397,0.6666666666666666,0.6666666666666666,0.888888888888889,6,218,6,16,138590
4001,split_3,poly,0.6834862385321101,0.6834862385321101,0.734281626125747,0.5993624329566956,0.6813063063063063,0.8333333333333334,0.8333333333333333,0.7777777777777778,6,218,6,20,104310
4001,split_3,fractional,0.6880733944954128,0.6880733944954128,0.734281626125747,0.5994620323181152,0.6858108108108109,0.8333333333333334,0.8333333333333333,0.7777777777777778,6,218,6,20,104852
4001,split_3,dog,0.6651376146788991,0.6651376146788991,0.7376483460988132,0.5953065156936646,0.6626626626626627,0.8333333333333334,0.8333333333333333,0.888888888888889,6,218,6,26,138513
